name,weight
教育業界就業者,0.443711009323676
学生関連,0.556288990676324
