name,weight
【24】就業率の男女差,0.19268798806581
【25】フルタイムの仕事に従事する割合の男女比,0.0677522945460047
【26】フルタイムの仕事に従事する男女間の賃金格差,0.184654133297969
【27】共働き家庭の家事・育児などに使用する時間の男女格差_inverse,0.168958022535252
【28】企業や法人の役員・管理職の男女比,0.157175852474896
【29】社長数の男女比,0.130185479613063
【30】農協・漁協役員の男女比,0.0985862294670057
