name,weight
【07】都道府県の副知事の男女比,0.0222415698192389
【08】都道府県の管理職の男女比,0.170859406668574
【09】都道府県審議会委員の男女比,0.0676546242728723
【10】都道府県防災会議の男女比,0.0441494919053934
【11】都道府県の選挙管理委員会など地方自治法１８０条の５に基づく委員会の男女比＝教育委員会を除外,0.0613530811679435
【12】都道府県庁の大卒程度採用の男女比,0.0666663457778672
【13】都道府県職員の育休取得率の男女格差_inverse,0.0796910063797196
【14】市区町村の管理職の男女比,0.131601174214131
【15】市区町村の審議会の男女比＝防災会議を除く),0.146634443614522
【16】市区町村防災会議の男女比,0.209148856179739
